Workbook

Sheet Results
A1: Results vs Assessment 2 baseline and targets
A2: Targets (yellow) match report Section 1.3. Calculated from the Raw Data sheet.
A4: Task | B4: A2 baseline time (s) | C4: Target time (s) | D4: Result: avg time (s) | E4: Time target | F4: A2 baseline errors | G4: Target errors | H4: Result: total errors | I4: Errors target | J4: A2 assistance | K4: Target assistance | L4: Result: assistance | M4: Assistance target | N4: A2 ease | O4: Target ease | P4: Result: avg ease | Q4: Ease target | R4: Completion rate | S4: Attempts
A5: Search | B5: 12.4 | C5: 10 | D5: =IFERROR(AVERAGEIFS('Raw Data'!$D$2:$D$26,'Raw Data'!$B$2:$B$26,$A5),"") -> 3.2 | E5: =IF(D5="","",IF(D5<=C5,"Met","Missed")) -> Met | F5: 4 | G5: 2 | H5: =IF(S5=0,"",SUMIFS('Raw Data'!$E$2:$E$26,'Raw Data'!$B$2:$B$26,$A5)) -> 0 | I5: =IF(H5="","",IF(H5<=G5,"Met","Missed")) -> Met | J5: 0.2 | K5: 0 | L5: =IF(S5=0,"",COUNTIFS('Raw Data'!$B$2:$B$26,$A5,'Raw Data'!$F$2:$F$26,"Y")/S5) -> 0 | M5: =IF(L5="","",IF(L5<=K5,"Met","Missed")) -> Met | N5: 4.2 | O5: 4.2 | P5: =IFERROR(AVERAGEIFS('Raw Data'!$G$2:$G$26,'Raw Data'!$B$2:$B$26,$A5),"") -> 5 | Q5: =IF(P5="","",IF(P5>=O5,"Met","Missed")) -> Met | R5: =IF(S5=0,"",COUNTIFS('Raw Data'!$B$2:$B$26,$A5,'Raw Data'!$C$2:$C$26,"Y")/S5) -> 1 | S5: =(COUNTIFS('Raw Data'!$B$2:$B$26,$A5,'Raw Data'!$C$2:$C$26,"Y")+COUNTIFS('Raw Data'!$B$2:$B$26,$A5,'Raw Data'!$C$2:$C$26,"N")) -> 5
A6: Buy | B6: 69.4 | C6: 45 | D6: =IFERROR(AVERAGEIFS('Raw Data'!$D$2:$D$26,'Raw Data'!$B$2:$B$26,$A6),"") -> 29.6 | E6: =IF(D6="","",IF(D6<=C6,"Met","Missed")) -> Met | F6: 11 | G6: 5 | H6: =IF(S6=0,"",SUMIFS('Raw Data'!$E$2:$E$26,'Raw Data'!$B$2:$B$26,$A6)) -> 5 | I6: =IF(H6="","",IF(H6<=G6,"Met","Missed")) -> Met | J6: 0.6 | K6: 0.2 | L6: =IF(S6=0,"",COUNTIFS('Raw Data'!$B$2:$B$26,$A6,'Raw Data'!$F$2:$F$26,"Y")/S6) -> 0.4 | M6: =IF(L6="","",IF(L6<=K6,"Met","Missed")) -> Missed | N6: 3 | O6: 4 | P6: =IFERROR(AVERAGEIFS('Raw Data'!$G$2:$G$26,'Raw Data'!$B$2:$B$26,$A6),"") -> 4.6 | Q6: =IF(P6="","",IF(P6>=O6,"Met","Missed")) -> Met | R6: =IF(S6=0,"",COUNTIFS('Raw Data'!$B$2:$B$26,$A6,'Raw Data'!$C$2:$C$26,"Y")/S6) -> 1 | S6: =(COUNTIFS('Raw Data'!$B$2:$B$26,$A6,'Raw Data'!$C$2:$C$26,"Y")+COUNTIFS('Raw Data'!$B$2:$B$26,$A6,'Raw Data'!$C$2:$C$26,"N")) -> 5
A7: Sell | B7: 72 | C7: 45 | D7: =IFERROR(AVERAGEIFS('Raw Data'!$D$2:$D$26,'Raw Data'!$B$2:$B$26,$A7),"") -> 29 | E7: =IF(D7="","",IF(D7<=C7,"Met","Missed")) -> Met | F7: 8 | G7: 4 | H7: =IF(S7=0,"",SUMIFS('Raw Data'!$E$2:$E$26,'Raw Data'!$B$2:$B$26,$A7)) -> 6 | I7: =IF(H7="","",IF(H7<=G7,"Met","Missed")) -> Missed | J7: 0.6 | K7: 0.2 | L7: =IF(S7=0,"",COUNTIFS('Raw Data'!$B$2:$B$26,$A7,'Raw Data'!$F$2:$F$26,"Y")/S7) -> 0.2 | M7: =IF(L7="","",IF(L7<=K7,"Met","Missed")) -> Met | N7: 3 | O7: 4 | P7: =IFERROR(AVERAGEIFS('Raw Data'!$G$2:$G$26,'Raw Data'!$B$2:$B$26,$A7),"") -> 4.8 | Q7: =IF(P7="","",IF(P7>=O7,"Met","Missed")) -> Met | R7: =IF(S7=0,"",COUNTIFS('Raw Data'!$B$2:$B$26,$A7,'Raw Data'!$C$2:$C$26,"Y")/S7) -> 1 | S7: =(COUNTIFS('Raw Data'!$B$2:$B$26,$A7,'Raw Data'!$C$2:$C$26,"Y")+COUNTIFS('Raw Data'!$B$2:$B$26,$A7,'Raw Data'!$C$2:$C$26,"N")) -> 5
A8: Bank transfer | B8: 45.4 | C8: 30 | D8: =IFERROR(AVERAGEIFS('Raw Data'!$D$2:$D$26,'Raw Data'!$B$2:$B$26,$A8),"") -> 22.2 | E8: =IF(D8="","",IF(D8<=C8,"Met","Missed")) -> Met | F8: 4 | G8: 2 | H8: =IF(S8=0,"",SUMIFS('Raw Data'!$E$2:$E$26,'Raw Data'!$B$2:$B$26,$A8)) -> 2 | I8: =IF(H8="","",IF(H8<=G8,"Met","Missed")) -> Met | J8: 0.2 | K8: 0 | L8: =IF(S8=0,"",COUNTIFS('Raw Data'!$B$2:$B$26,$A8,'Raw Data'!$F$2:$F$26,"Y")/S8) -> 0.2 | M8: =IF(L8="","",IF(L8<=K8,"Met","Missed")) -> Missed | N8: 3.8 | O8: 4.2 | P8: =IFERROR(AVERAGEIFS('Raw Data'!$G$2:$G$26,'Raw Data'!$B$2:$B$26,$A8),"") -> 4.8 | Q8: =IF(P8="","",IF(P8>=O8,"Met","Missed")) -> Met | R8: =IF(S8=0,"",COUNTIFS('Raw Data'!$B$2:$B$26,$A8,'Raw Data'!$C$2:$C$26,"Y")/S8) -> 1 | S8: =(COUNTIFS('Raw Data'!$B$2:$B$26,$A8,'Raw Data'!$C$2:$C$26,"Y")+COUNTIFS('Raw Data'!$B$2:$B$26,$A8,'Raw Data'!$C$2:$C$26,"N")) -> 5
A9: Chatbot | B9: 10.4 | C9: 10.4 | D9: =IFERROR(AVERAGEIFS('Raw Data'!$D$2:$D$26,'Raw Data'!$B$2:$B$26,$A9),"") -> 6 | E9: =IF(D9="","",IF(D9<=C9,"Met","Missed")) -> Met | F9: 2 | G9: 2 | H9: =IF(S9=0,"",SUMIFS('Raw Data'!$E$2:$E$26,'Raw Data'!$B$2:$B$26,$A9)) -> 2 | I9: =IF(H9="","",IF(H9<=G9,"Met","Missed")) -> Met | J9: 0 | K9: 0 | L9: =IF(S9=0,"",COUNTIFS('Raw Data'!$B$2:$B$26,$A9,'Raw Data'!$F$2:$F$26,"Y")/S9) -> 0 | M9: =IF(L9="","",IF(L9<=K9,"Met","Missed")) -> Met | N9: 4.6 | O9: 4.6 | P9: =IFERROR(AVERAGEIFS('Raw Data'!$G$2:$G$26,'Raw Data'!$B$2:$B$26,$A9),"") -> 4.6 | Q9: =IF(P9="","",IF(P9>=O9,"Met","Missed")) -> Met | R9: =IF(S9=0,"",COUNTIFS('Raw Data'!$B$2:$B$26,$A9,'Raw Data'!$C$2:$C$26,"Y")/S9) -> 1 | S9: =(COUNTIFS('Raw Data'!$B$2:$B$26,$A9,'Raw Data'!$C$2:$C$26,"Y")+COUNTIFS('Raw Data'!$B$2:$B$26,$A9,'Raw Data'!$C$2:$C$26,"N")) -> 5
A11: Summary
A12: Targets met (of 20 = 5 tasks × 4 measures) | B12: =COUNTIF(E5:E9,"Met")+COUNTIF(I5:I9,"Met")+COUNTIF(M5:M9,"Met")+COUNTIF(Q5:Q9,"Met") -> 17
A13: Targets missed | B13: =COUNTIF(E5:E9,"Missed")+COUNTIF(I5:I9,"Missed")+COUNTIF(M5:M9,"Missed")+COUNTIF(Q5:Q9,"Missed") -> 3
A14: Overall completion rate (completed ÷ attempts) | B14: =IF(SUM(S5:S9)=0,"",COUNTIF('Raw Data'!$C$2:$C$26,"Y")/SUM(S5:S9)) -> 1
A15: Total attempts entered (max 25) | B15: =SUM(S5:S9) -> 25
A17: Report table – copy into Table 5.4 (Time | Errors | Assistance | Ease)
A18: Task | B18: A2 time → target | C18: Time (s) | D18: Errors | E18: Assistance | F18: Ease (1–5)
A19: =A5 -> Search | B19: =TEXT(B5,"0.0")&" s → ≤ "&TEXT(C5,"0.0")&" s" -> 12.4 s → ≤ 10.0 s | C19: =IF(D5="","",TEXT(D5,"0.0")) -> 3.2 | D19: =H5 -> 0 | E19: =IF(L5="","",TEXT(L5,"0%")) -> 0% | F19: =IF(P5="","",TEXT(P5,"0.0")) -> 5.0
A20: =A6 -> Buy | B20: =TEXT(B6,"0.0")&" s → ≤ "&TEXT(C6,"0.0")&" s" -> 69.4 s → ≤ 45.0 s | C20: =IF(D6="","",TEXT(D6,"0.0")) -> 29.6 | D20: =H6 -> 5 | E20: =IF(L6="","",TEXT(L6,"0%")) -> 40% | F20: =IF(P6="","",TEXT(P6,"0.0")) -> 4.6
A21: =A7 -> Sell | B21: =TEXT(B7,"0.0")&" s → ≤ "&TEXT(C7,"0.0")&" s" -> 72.0 s → ≤ 45.0 s | C21: =IF(D7="","",TEXT(D7,"0.0")) -> 29.0 | D21: =H7 -> 6 | E21: =IF(L7="","",TEXT(L7,"0%")) -> 20% | F21: =IF(P7="","",TEXT(P7,"0.0")) -> 4.8
A22: =A8 -> Bank transfer | B22: =TEXT(B8,"0.0")&" s → ≤ "&TEXT(C8,"0.0")&" s" -> 45.4 s → ≤ 30.0 s | C22: =IF(D8="","",TEXT(D8,"0.0")) -> 22.2 | D22: =H8 -> 2 | E22: =IF(L8="","",TEXT(L8,"0%")) -> 20% | F22: =IF(P8="","",TEXT(P8,"0.0")) -> 4.8
A23: =A9 -> Chatbot | B23: =TEXT(B9,"0.0")&" s → ≤ "&TEXT(C9,"0.0")&" s" -> 10.4 s → ≤ 10.4 s | C23: =IF(D9="","",TEXT(D9,"0.0")) -> 6.0 | D23: =H9 -> 2 | E23: =IF(L9="","",TEXT(L9,"0%")) -> 0% | F23: =IF(P9="","",TEXT(P9,"0.0")) -> 4.6

Sheet Raw Data
A1: Participant | B1: Task | C1: Completed (Y/N) | D1: Time (s) | E1: Errors (count) | F1: Help needed (Y/N) | G1: Ease (1-5) | H1: Comment
A2: V1 | B2: Search | C2: Y | D2: 6 | E2: 0 | F2: N | G2: 5 | H2: Easy
A3: V1 | B3: Buy | C3: Y | D3: 32 | E3: 1 | F3: Y | G3: 5 | H3: Clearly stated
A4: V1 | B4: Sell | C4: Y | D4: 34 | E4: 1 | F4: N | G4: 5 | H4: Easy to find and navigate
A5: V1 | B5: Bank transfer | C5: Y | D5: 17 | E5: 0 | F5: N | G5: 5 | H5: Better
A6: V1 | B6: Chatbot | C6: Y | D6: 4 | E6: 0 | F6: N | G6: 5 | H6: This looks familiar
A7: V2 | B7: Search | C7: Y | D7: 2 | E7: 0 | F7: N | G7: 5 | H7: Simple
A8: V2 | B8: Buy | C8: Y | D8: 22 | E8: 0 | F8: N | G8: 5 | H8: easy few steps
A9: V2 | B9: Sell | C9: Y | D9: 24 | E9: 0 | F9: N | G9: 5 | H9: Easy to find the next step
A10: V2 | B10: Bank transfer | C10: Y | D10: 23 | E10: 0 | F10: N | G10: 5
A11: V2 | B11: Chatbot | C11: Y | D11: 2 | E11: 0 | F11: N | G11: 4 | H11: Similar AI icon
A12: V3 | B12: Search | C12: Y | D12: 2 | E12: 0 | F12: N | G12: 5
A13: V3 | B13: Buy | C13: Y | D13: 28 | E13: 1 | F13: N | G13: 4 | H13: Easy steps
A14: V3 | B14: Sell | C14: Y | D14: 29 | E14: 2 | F14: Y | G14: 4 | H14: not confusing at all
A15: V3 | B15: Bank transfer | C15: Y | D15: 24 | E15: 1 | F15: Y | G15: 4 | H15: Better
A16: V3 | B16: Chatbot | C16: Y | D16: 5 | E16: 0 | F16: N | G16: 5
A17: V4 | B17: Search | C17: Y | D17: 3 | E17: 0 | F17: N | G17: 5 | H17: Well structured home screen
A18: V4 | B18: Buy | C18: Y | D18: 31 | E18: 2 | F18: Y | G18: 4 | H18: much easier
A19: V4 | B19: Sell | C19: Y | D19: 29 | E19: 1 | F19: N | G19: 5 | H19: fewer steps
A20: V4 | B20: Bank transfer | C20: Y | D20: 26 | E20: 1 | F20: N | G20: 5 | H20: Feels easy
A21: V4 | B21: Chatbot | C21: Y | D21: 9 | E21: 1 | F21: N | G21: 5 | H21: Familiar icon
A22: V5 | B22: Search | C22: Y | D22: 3 | E22: 0 | F22: N | G22: 5 | H22: Very easy to find all without getting confuse
A23: V5 | B23: Buy | C23: Y | D23: 35 | E23: 1 | F23: N | G23: 5 | H23: Much better
A24: V5 | B24: Sell | C24: Y | D24: 29 | E24: 2 | F24: N | G24: 5 | H24: Easy to navitage
A25: V5 | B25: Bank transfer | C25: Y | D25: 21 | E25: 0 | F25: N | G25: 5 | H25: fewer steps
A26: V5 | B26: Chatbot | C26: Y | D26: 10 | E26: 1 | F26: N | G26: 4
